[
{
  "model": "admin.logentry",
  "pk": 1,
  "fields": {
    "action_time": "2022-09-21T13:48:17.722Z",
    "user": 1,
    "content_type": 7,
    "object_id": "1",
    "object_repr": "First Blog",
    "action_flag": 1,
    "change_message": "[{\"added\": {}}]"
  }
},
{
  "model": "admin.logentry",
  "pk": 2,
  "fields": {
    "action_time": "2022-09-26T08:00:03.039Z",
    "user": 1,
    "content_type": 7,
    "object_id": "2",
    "object_repr": "Another post",
    "action_flag": 2,
    "change_message": "[{\"changed\": {\"fields\": [\"Status\"]}}]"
  }
},
{
  "model": "admin.logentry",
  "pk": 3,
  "fields": {
    "action_time": "2022-09-26T08:00:16.404Z",
    "user": 1,
    "content_type": 7,
    "object_id": "3",
    "object_repr": "Another post 2 (edited)",
    "action_flag": 2,
    "change_message": "[{\"changed\": {\"fields\": [\"Status\"]}}]"
  }
},
{
  "model": "admin.logentry",
  "pk": 4,
  "fields": {
    "action_time": "2022-09-26T15:29:43.058Z",
    "user": 1,
    "content_type": 7,
    "object_id": "3",
    "object_repr": "Another blog 2 (edited)",
    "action_flag": 2,
    "change_message": "[{\"changed\": {\"fields\": [\"Title\", \"Slug\"]}}]"
  }
},
{
  "model": "admin.logentry",
  "pk": 5,
  "fields": {
    "action_time": "2022-09-27T10:42:35.674Z",
    "user": 1,
    "content_type": 7,
    "object_id": "4",
    "object_repr": "Django for begginers",
    "action_flag": 1,
    "change_message": "[{\"added\": {}}]"
  }
},
{
  "model": "admin.logentry",
  "pk": 6,
  "fields": {
    "action_time": "2022-09-27T10:43:03.334Z",
    "user": 1,
    "content_type": 7,
    "object_id": "5",
    "object_repr": "╟шьэ   ёърчър",
    "action_flag": 1,
    "change_message": "[{\"added\": {}}]"
  }
},
{
  "model": "admin.logentry",
  "pk": 7,
  "fields": {
    "action_time": "2022-09-27T10:43:16.495Z",
    "user": 1,
    "content_type": 7,
    "object_id": "5",
    "object_repr": "╟шьэ   ёърчър",
    "action_flag": 2,
    "change_message": "[{\"changed\": {\"fields\": [\"Status\"]}}]"
  }
},
{
  "model": "admin.logentry",
  "pk": 8,
  "fields": {
    "action_time": "2022-09-27T10:43:22.540Z",
    "user": 1,
    "content_type": 7,
    "object_id": "4",
    "object_repr": "Django for begginers",
    "action_flag": 2,
    "change_message": "[{\"changed\": {\"fields\": [\"Status\"]}}]"
  }
},
{
  "model": "admin.logentry",
  "pk": 9,
  "fields": {
    "action_time": "2022-10-01T10:19:21.326Z",
    "user": 1,
    "content_type": 8,
    "object_id": "1",
    "object_repr": "Comments by Ramil Shainusov on Django for begginers",
    "action_flag": 1,
    "change_message": "[{\"added\": {}}]"
  }
},
{
  "model": "admin.logentry",
  "pk": 10,
  "fields": {
    "action_time": "2022-10-03T13:38:14.028Z",
    "user": 1,
    "content_type": 8,
    "object_id": "1",
    "object_repr": "Comments by Ramil Shainusov on Django for begginers",
    "action_flag": 2,
    "change_message": "[{\"changed\": {\"fields\": [\"Active\"]}}]"
  }
},
{
  "model": "admin.logentry",
  "pk": 11,
  "fields": {
    "action_time": "2022-10-05T09:15:13.322Z",
    "user": 1,
    "content_type": 7,
    "object_id": "4",
    "object_repr": "Django for begginers",
    "action_flag": 2,
    "change_message": "[{\"changed\": {\"fields\": [\"Tags\"]}}]"
  }
},
{
  "model": "admin.logentry",
  "pk": 12,
  "fields": {
    "action_time": "2022-10-05T09:15:51.230Z",
    "user": 1,
    "content_type": 7,
    "object_id": "5",
    "object_repr": "╟шьэ   ёърчър",
    "action_flag": 2,
    "change_message": "[{\"changed\": {\"fields\": [\"Tags\"]}}]"
  }
},
{
  "model": "admin.logentry",
  "pk": 13,
  "fields": {
    "action_time": "2022-10-08T13:40:45.372Z",
    "user": 1,
    "content_type": 7,
    "object_id": "6",
    "object_repr": "Markdown post",
    "action_flag": 1,
    "change_message": "[{\"added\": {}}]"
  }
},
{
  "model": "admin.logentry",
  "pk": 14,
  "fields": {
    "action_time": "2022-10-11T07:08:15.456Z",
    "user": 1,
    "content_type": 11,
    "object_id": "1",
    "object_repr": "localhost:8000",
    "action_flag": 2,
    "change_message": "[{\"changed\": {\"fields\": [\"Domain name\", \"Display name\"]}}]"
  }
},
{
  "model": "admin.logentry",
  "pk": 15,
  "fields": {
    "action_time": "2022-10-12T13:53:03.396Z",
    "user": 1,
    "content_type": 7,
    "object_id": "4",
    "object_repr": "Django for begginers",
    "action_flag": 2,
    "change_message": "[{\"changed\": {\"fields\": [\"Body\"]}}]"
  }
},
{
  "model": "admin.logentry",
  "pk": 16,
  "fields": {
    "action_time": "2022-10-12T13:53:31.968Z",
    "user": 1,
    "content_type": 7,
    "object_id": "5",
    "object_repr": "Winter's tale",
    "action_flag": 2,
    "change_message": "[{\"changed\": {\"fields\": [\"Title\", \"Body\"]}}]"
  }
},
{
  "model": "admin.logentry",
  "pk": 17,
  "fields": {
    "action_time": "2022-10-12T13:53:36.571Z",
    "user": 1,
    "content_type": 7,
    "object_id": "6",
    "object_repr": "Markdown post",
    "action_flag": 2,
    "change_message": "[]"
  }
},
{
  "model": "admin.logentry",
  "pk": 18,
  "fields": {
    "action_time": "2022-10-12T13:53:48.667Z",
    "user": 1,
    "content_type": 8,
    "object_id": "6",
    "object_repr": "Comments by Ramil on Winter's tale",
    "action_flag": 2,
    "change_message": "[{\"changed\": {\"fields\": [\"Name\"]}}]"
  }
},
{
  "model": "admin.logentry",
  "pk": 19,
  "fields": {
    "action_time": "2022-10-12T13:54:12.054Z",
    "user": 1,
    "content_type": 8,
    "object_id": "7",
    "object_repr": "Comments by Name on Winter's tale",
    "action_flag": 2,
    "change_message": "[{\"changed\": {\"fields\": [\"Name\"]}}]"
  }
},
{
  "model": "admin.logentry",
  "pk": 20,
  "fields": {
    "action_time": "2022-10-12T13:54:16.386Z",
    "user": 1,
    "content_type": 8,
    "object_id": "8",
    "object_repr": "Comments by Ramil on Another post",
    "action_flag": 2,
    "change_message": "[]"
  }
},
{
  "model": "admin.logentry",
  "pk": 21,
  "fields": {
    "action_time": "2022-10-13T10:42:11.124Z",
    "user": 1,
    "content_type": 8,
    "object_id": "2",
    "object_repr": "Another post",
    "action_flag": 2,
    "change_message": "[{\"changed\": {\"fields\": [\"Tags\"]}}]"
  }
},
{
  "model": "admin.logentry",
  "pk": 22,
  "fields": {
    "action_time": "2022-10-13T10:42:18.723Z",
    "user": 1,
    "content_type": 8,
    "object_id": "5",
    "object_repr": "Winter's tale",
    "action_flag": 2,
    "change_message": "[{\"changed\": {\"fields\": [\"Tags\"]}}]"
  }
},
{
  "model": "admin.logentry",
  "pk": 23,
  "fields": {
    "action_time": "2022-10-13T10:42:25.789Z",
    "user": 1,
    "content_type": 8,
    "object_id": "6",
    "object_repr": "Markdown post",
    "action_flag": 2,
    "change_message": "[{\"changed\": {\"fields\": [\"Tags\"]}}]"
  }
},
{
  "model": "auth.permission",
  "pk": 1,
  "fields": {
    "name": "Can add log entry",
    "content_type": 1,
    "codename": "add_logentry"
  }
},
{
  "model": "auth.permission",
  "pk": 2,
  "fields": {
    "name": "Can change log entry",
    "content_type": 1,
    "codename": "change_logentry"
  }
},
{
  "model": "auth.permission",
  "pk": 3,
  "fields": {
    "name": "Can delete log entry",
    "content_type": 1,
    "codename": "delete_logentry"
  }
},
{
  "model": "auth.permission",
  "pk": 4,
  "fields": {
    "name": "Can view log entry",
    "content_type": 1,
    "codename": "view_logentry"
  }
},
{
  "model": "auth.permission",
  "pk": 5,
  "fields": {
    "name": "Can add permission",
    "content_type": 2,
    "codename": "add_permission"
  }
},
{
  "model": "auth.permission",
  "pk": 6,
  "fields": {
    "name": "Can change permission",
    "content_type": 2,
    "codename": "change_permission"
  }
},
{
  "model": "auth.permission",
  "pk": 7,
  "fields": {
    "name": "Can delete permission",
    "content_type": 2,
    "codename": "delete_permission"
  }
},
{
  "model": "auth.permission",
  "pk": 8,
  "fields": {
    "name": "Can view permission",
    "content_type": 2,
    "codename": "view_permission"
  }
},
{
  "model": "auth.permission",
  "pk": 9,
  "fields": {
    "name": "Can add group",
    "content_type": 3,
    "codename": "add_group"
  }
},
{
  "model": "auth.permission",
  "pk": 10,
  "fields": {
    "name": "Can change group",
    "content_type": 3,
    "codename": "change_group"
  }
},
{
  "model": "auth.permission",
  "pk": 11,
  "fields": {
    "name": "Can delete group",
    "content_type": 3,
    "codename": "delete_group"
  }
},
{
  "model": "auth.permission",
  "pk": 12,
  "fields": {
    "name": "Can view group",
    "content_type": 3,
    "codename": "view_group"
  }
},
{
  "model": "auth.permission",
  "pk": 13,
  "fields": {
    "name": "Can add content type",
    "content_type": 4,
    "codename": "add_contenttype"
  }
},
{
  "model": "auth.permission",
  "pk": 14,
  "fields": {
    "name": "Can change content type",
    "content_type": 4,
    "codename": "change_contenttype"
  }
},
{
  "model": "auth.permission",
  "pk": 15,
  "fields": {
    "name": "Can delete content type",
    "content_type": 4,
    "codename": "delete_contenttype"
  }
},
{
  "model": "auth.permission",
  "pk": 16,
  "fields": {
    "name": "Can view content type",
    "content_type": 4,
    "codename": "view_contenttype"
  }
},
{
  "model": "auth.permission",
  "pk": 17,
  "fields": {
    "name": "Can add session",
    "content_type": 5,
    "codename": "add_session"
  }
},
{
  "model": "auth.permission",
  "pk": 18,
  "fields": {
    "name": "Can change session",
    "content_type": 5,
    "codename": "change_session"
  }
},
{
  "model": "auth.permission",
  "pk": 19,
  "fields": {
    "name": "Can delete session",
    "content_type": 5,
    "codename": "delete_session"
  }
},
{
  "model": "auth.permission",
  "pk": 20,
  "fields": {
    "name": "Can view session",
    "content_type": 5,
    "codename": "view_session"
  }
},
{
  "model": "auth.permission",
  "pk": 21,
  "fields": {
    "name": "Can add site",
    "content_type": 6,
    "codename": "add_site"
  }
},
{
  "model": "auth.permission",
  "pk": 22,
  "fields": {
    "name": "Can change site",
    "content_type": 6,
    "codename": "change_site"
  }
},
{
  "model": "auth.permission",
  "pk": 23,
  "fields": {
    "name": "Can delete site",
    "content_type": 6,
    "codename": "delete_site"
  }
},
{
  "model": "auth.permission",
  "pk": 24,
  "fields": {
    "name": "Can view site",
    "content_type": 6,
    "codename": "view_site"
  }
},
{
  "model": "auth.permission",
  "pk": 25,
  "fields": {
    "name": "Can add user",
    "content_type": 7,
    "codename": "add_customuser"
  }
},
{
  "model": "auth.permission",
  "pk": 26,
  "fields": {
    "name": "Can change user",
    "content_type": 7,
    "codename": "change_customuser"
  }
},
{
  "model": "auth.permission",
  "pk": 27,
  "fields": {
    "name": "Can delete user",
    "content_type": 7,
    "codename": "delete_customuser"
  }
},
{
  "model": "auth.permission",
  "pk": 28,
  "fields": {
    "name": "Can view user",
    "content_type": 7,
    "codename": "view_customuser"
  }
},
{
  "model": "auth.permission",
  "pk": 29,
  "fields": {
    "name": "Can add post",
    "content_type": 8,
    "codename": "add_post"
  }
},
{
  "model": "auth.permission",
  "pk": 30,
  "fields": {
    "name": "Can change post",
    "content_type": 8,
    "codename": "change_post"
  }
},
{
  "model": "auth.permission",
  "pk": 31,
  "fields": {
    "name": "Can delete post",
    "content_type": 8,
    "codename": "delete_post"
  }
},
{
  "model": "auth.permission",
  "pk": 32,
  "fields": {
    "name": "Can view post",
    "content_type": 8,
    "codename": "view_post"
  }
},
{
  "model": "auth.permission",
  "pk": 33,
  "fields": {
    "name": "Can add comment",
    "content_type": 9,
    "codename": "add_comment"
  }
},
{
  "model": "auth.permission",
  "pk": 34,
  "fields": {
    "name": "Can change comment",
    "content_type": 9,
    "codename": "change_comment"
  }
},
{
  "model": "auth.permission",
  "pk": 35,
  "fields": {
    "name": "Can delete comment",
    "content_type": 9,
    "codename": "delete_comment"
  }
},
{
  "model": "auth.permission",
  "pk": 36,
  "fields": {
    "name": "Can view comment",
    "content_type": 9,
    "codename": "view_comment"
  }
},
{
  "model": "auth.permission",
  "pk": 37,
  "fields": {
    "name": "Can add tag",
    "content_type": 10,
    "codename": "add_tag"
  }
},
{
  "model": "auth.permission",
  "pk": 38,
  "fields": {
    "name": "Can change tag",
    "content_type": 10,
    "codename": "change_tag"
  }
},
{
  "model": "auth.permission",
  "pk": 39,
  "fields": {
    "name": "Can delete tag",
    "content_type": 10,
    "codename": "delete_tag"
  }
},
{
  "model": "auth.permission",
  "pk": 40,
  "fields": {
    "name": "Can view tag",
    "content_type": 10,
    "codename": "view_tag"
  }
},
{
  "model": "auth.permission",
  "pk": 41,
  "fields": {
    "name": "Can add tagged item",
    "content_type": 11,
    "codename": "add_taggeditem"
  }
},
{
  "model": "auth.permission",
  "pk": 42,
  "fields": {
    "name": "Can change tagged item",
    "content_type": 11,
    "codename": "change_taggeditem"
  }
},
{
  "model": "auth.permission",
  "pk": 43,
  "fields": {
    "name": "Can delete tagged item",
    "content_type": 11,
    "codename": "delete_taggeditem"
  }
},
{
  "model": "auth.permission",
  "pk": 44,
  "fields": {
    "name": "Can view tagged item",
    "content_type": 11,
    "codename": "view_taggeditem"
  }
},
{
  "model": "contenttypes.contenttype",
  "pk": 1,
  "fields": {
    "app_label": "admin",
    "model": "logentry"
  }
},
{
  "model": "contenttypes.contenttype",
  "pk": 2,
  "fields": {
    "app_label": "auth",
    "model": "permission"
  }
},
{
  "model": "contenttypes.contenttype",
  "pk": 3,
  "fields": {
    "app_label": "auth",
    "model": "group"
  }
},
{
  "model": "contenttypes.contenttype",
  "pk": 4,
  "fields": {
    "app_label": "contenttypes",
    "model": "contenttype"
  }
},
{
  "model": "contenttypes.contenttype",
  "pk": 5,
  "fields": {
    "app_label": "sessions",
    "model": "session"
  }
},
{
  "model": "contenttypes.contenttype",
  "pk": 6,
  "fields": {
    "app_label": "sites",
    "model": "site"
  }
},
{
  "model": "contenttypes.contenttype",
  "pk": 7,
  "fields": {
    "app_label": "accounts",
    "model": "customuser"
  }
},
{
  "model": "contenttypes.contenttype",
  "pk": 8,
  "fields": {
    "app_label": "blog",
    "model": "post"
  }
},
{
  "model": "contenttypes.contenttype",
  "pk": 9,
  "fields": {
    "app_label": "blog",
    "model": "comment"
  }
},
{
  "model": "contenttypes.contenttype",
  "pk": 10,
  "fields": {
    "app_label": "taggit",
    "model": "tag"
  }
},
{
  "model": "contenttypes.contenttype",
  "pk": 11,
  "fields": {
    "app_label": "taggit",
    "model": "taggeditem"
  }
},
{
  "model": "sessions.session",
  "pk": "3b7dbk2hshbjp3sls27vn00szola9uxu",
  "fields": {
    "session_data": ".eJxVjDEOAiEQRe9CbcgAIwFLe89ABmYiqwaSZbcy3t2QbKHtf-_9t0q0bzXtQ9a0sLooo06_W6bylDYBP6jduy69beuS9VT0QYe-dZbX9XD_DiqNOmvPwCIlOCkZIdiAZNEawcIMMYAVRMjOG5DgBTBEJxnOlBELUVSfL-1hN-o:1oazt4:fuP4wCNKGagKJ5fBvz2XBif6VULJOX78aStSegZ-Dyc",
    "expire_date": "2022-10-05T13:35:38.900Z"
  }
},
{
  "model": "sessions.session",
  "pk": "57sfpfj49xekmfmx6hzc34rvy40s1yya",
  "fields": {
    "session_data": ".eJxVjDEOAiEQRe9CbcgAIwFLe89ABmYiqwaSZbcy3t2QbKHtf-_9t0q0bzXtQ9a0sLooo06_W6bylDYBP6jduy69beuS9VT0QYe-dZbX9XD_DiqNOmvPwCIlOCkZIdiAZNEawcIMMYAVRMjOG5DgBTBEJxnOlBELUVSfL-1hN-o:1oic8V:u7DBE4ozcVNWysbB9_Ivsl-k7PDpqtMpxEo6P9K_6GM",
    "expire_date": "2022-10-26T13:51:03.326Z"
  }
},
{
  "model": "sessions.session",
  "pk": "ch5480vupr2znf79g6f6h1mypo44se9z",
  "fields": {
    "session_data": ".eJxVjDEOAiEQRe9CbcgAIwFLe89ABmYiqwaSZbcy3t2QbKHtf-_9t0q0bzXtQ9a0sLooo06_W6bylDYBP6jduy69beuS9VT0QYe-dZbX9XD_DiqNOmvPwCIlOCkZIdiAZNEawcIMMYAVRMjOG5DgBTBEJxnOlBELUVSfL-1hN-o:1oicyZ:IBBjcgZwiozbpYtiyZSf2ADmLOZyJ_C2N1avYkWanCs",
    "expire_date": "2022-10-26T14:44:51.400Z"
  }
},
{
  "model": "sessions.session",
  "pk": "jw572cqud3qcpk1zjneborhzuba6vppz",
  "fields": {
    "session_data": ".eJxVjDEOAiEQRe9CbcgAIwFLe89ABmYiqwaSZbcy3t2QbKHtf-_9t0q0bzXtQ9a0sLooo06_W6bylDYBP6jduy69beuS9VT0QYe-dZbX9XD_DiqNOmvPwCIlOCkZIdiAZNEawcIMMYAVRMjOG5DgBTBEJxnOlBELUVSfL-1hN-o:1qErw8:LzrnkS8YNT6yEvp2VvcAMIjM8C6y7wAnjdZUDTVGyMg",
    "expire_date": "2023-07-13T13:43:52.612Z"
  }
},
{
  "model": "sessions.session",
  "pk": "ltitgk3o08d30h38t3vk1p2z7a3owg10",
  "fields": {
    "session_data": ".eJxVjDEOAiEQRe9CbcgAIwFLe89ABmYiqwaSZbcy3t2QbKHtf-_9t0q0bzXtQ9a0sLooo06_W6bylDYBP6jduy69beuS9VT0QYe-dZbX9XD_DiqNOmvPwCIlOCkZIdiAZNEawcIMMYAVRMjOG5DgBTBEJxnOlBELUVSfL-1hN-o:1oibpz:oksCE9LDnJjM-Lsu6Q8U7fX0jWEyzlTI8gd4PZYDZNE",
    "expire_date": "2022-10-26T13:31:55.573Z"
  }
},
{
  "model": "sessions.session",
  "pk": "seugmoakl8ij3otpr993vbkarwr1o63w",
  "fields": {
    "session_data": ".eJxVjDEOAiEQRe9CbcgAIwFLe89ABmYiqwaSZbcy3t2QbKHtf-_9t0q0bzXtQ9a0sLooo06_W6bylDYBP6jduy69beuS9VT0QYe-dZbX9XD_DiqNOmvPwCIlOCkZIdiAZNEawcIMMYAVRMjOG5DgBTBEJxnOlBELUVSfL-1hN-o:1ogiBk:Trh7e3ZGHuKHUCKC2xP0QC6qapD1RU5D6BzvFOcXsRE",
    "expire_date": "2022-10-21T07:54:32.502Z"
  }
},
{
  "model": "sites.site",
  "pk": 1,
  "fields": {
    "domain": "localhost:8000",
    "name": "localhost:8000"
  }
},
{
  "model": "accounts.customuser",
  "pk": 1,
  "fields": {
    "password": "pbkdf2_sha256$390000$9XTVZjd0IhA1LawhbopbbN$eaCvjWDVzLZzg/GnK7NCf7a3g2IqjmSgKtZfJY9Z4Xo=",
    "last_login": "2023-06-29T13:43:52.607Z",
    "is_superuser": true,
    "username": "admin",
    "first_name": "",
    "last_name": "",
    "email": "admin@email.com",
    "is_staff": true,
    "is_active": true,
    "date_joined": "2022-09-21T13:33:33.979Z",
    "groups": [],
    "user_permissions": []
  }
},
{
  "model": "blog.post",
  "pk": 2,
  "fields": {
    "title": "Another post",
    "slug": "another-post",
    "author": 1,
    "body": "Post body.",
    "publish": "2022-09-21T18:44:06Z",
    "created": "2022-09-21T18:44:06.894Z",
    "updated": "2022-10-13T10:42:11.104Z",
    "status": "PB"
  }
},
{
  "model": "blog.post",
  "pk": 3,
  "fields": {
    "title": "Another blog 2 (edited)",
    "slug": "another-blog-2-edited",
    "author": 1,
    "body": "Post body 2",
    "publish": "2022-09-21T18:52:20Z",
    "created": "2022-09-21T18:53:41.513Z",
    "updated": "2022-09-26T15:29:43.055Z",
    "status": "PB"
  }
},
{
  "model": "blog.post",
  "pk": 4,
  "fields": {
    "title": "Django for begginers",
    "slug": "django-for-begginers",
    "author": 1,
    "body": "Django for begginers it's simpplest way",
    "publish": "2022-09-27T10:42:01Z",
    "created": "2022-09-27T10:42:35.674Z",
    "updated": "2022-10-12T13:53:03.391Z",
    "status": "PB"
  }
},
{
  "model": "blog.post",
  "pk": 5,
  "fields": {
    "title": "Winter's tale",
    "slug": "zimnyaya-skazka",
    "author": 1,
    "body": "Tale about the winter",
    "publish": "2022-09-27T10:42:38Z",
    "created": "2022-09-27T10:43:03.332Z",
    "updated": "2022-10-13T10:42:18.715Z",
    "status": "PB"
  }
},
{
  "model": "blog.post",
  "pk": 6,
  "fields": {
    "title": "Markdown post",
    "slug": "markdown-post",
    "author": 1,
    "body": "This is a post formatted with markdown\r\n-------------------------------------------\r\n\r\n*This is emphasized* and **this is more emphasized**\r\n\r\nHere is a list:\r\n\r\n* One\r\n* Two\r\n* Three\r\n\r\nAnd a [link to the Django website](https://www.djangoproject.com/)",
    "publish": "2022-10-08T13:37:02Z",
    "created": "2022-10-08T13:40:45.358Z",
    "updated": "2022-10-13T10:42:25.776Z",
    "status": "PB"
  }
},
{
  "model": "blog.comment",
  "pk": 1,
  "fields": {
    "post": 4,
    "name": "Ramil Shainusov",
    "email": "Warkinstar@mail.ru",
    "body": "Great book!",
    "created": "2022-10-01T10:19:21.325Z",
    "updated": "2022-10-03T13:38:14.025Z",
    "active": false
  }
},
{
  "model": "blog.comment",
  "pk": 2,
  "fields": {
    "post": 4,
    "name": "Ramil",
    "email": "warkinstar@gmail.com",
    "body": "Cool very cool",
    "created": "2022-10-03T10:58:21.740Z",
    "updated": "2022-10-03T10:58:21.740Z",
    "active": true
  }
},
{
  "model": "blog.comment",
  "pk": 3,
  "fields": {
    "post": 4,
    "name": "Ramil",
    "email": "warkinstar@gmail.com",
    "body": "Cool very cool",
    "created": "2022-10-03T10:58:51.331Z",
    "updated": "2022-10-03T10:58:51.331Z",
    "active": true
  }
},
{
  "model": "blog.comment",
  "pk": 4,
  "fields": {
    "post": 4,
    "name": "Ramil",
    "email": "warkinstar@gmail.com",
    "body": "Cool very cool",
    "created": "2022-10-03T10:59:10.048Z",
    "updated": "2022-10-03T10:59:10.048Z",
    "active": true
  }
},
{
  "model": "blog.comment",
  "pk": 5,
  "fields": {
    "post": 5,
    "name": "Good picture",
    "email": "warkinstar@re.rs",
    "body": "This is good picture!",
    "created": "2022-10-03T13:44:46.521Z",
    "updated": "2022-10-03T13:44:46.521Z",
    "active": true
  }
},
{
  "model": "blog.comment",
  "pk": 6,
  "fields": {
    "post": 5,
    "name": "Ramil",
    "email": "warkinstar@gmail.com",
    "body": "asdasd",
    "created": "2022-10-03T13:57:47.250Z",
    "updated": "2022-10-12T13:53:48.665Z",
    "active": true
  }
},
{
  "model": "blog.comment",
  "pk": 7,
  "fields": {
    "post": 5,
    "name": "Name",
    "email": "warkinstar@gmail.com",
    "body": "Nice!",
    "created": "2022-10-03T13:58:28.642Z",
    "updated": "2022-10-12T13:54:12.052Z",
    "active": true
  }
},
{
  "model": "blog.comment",
  "pk": 8,
  "fields": {
    "post": 2,
    "name": "Ramil",
    "email": "warkinstar@gmail.com",
    "body": "I very exciting with it",
    "created": "2022-10-07T07:20:32.207Z",
    "updated": "2022-10-12T13:54:16.379Z",
    "active": true
  }
},
{
  "model": "taggit.tag",
  "pk": 1,
  "fields": {
    "name": "jazz",
    "slug": "jazz"
  }
},
{
  "model": "taggit.tag",
  "pk": 2,
  "fields": {
    "name": "music",
    "slug": "music"
  }
},
{
  "model": "taggit.tag",
  "pk": 3,
  "fields": {
    "name": "django",
    "slug": "django"
  }
},
{
  "model": "taggit.tag",
  "pk": 4,
  "fields": {
    "name": "learning",
    "slug": "learning"
  }
},
{
  "model": "taggit.tag",
  "pk": 5,
  "fields": {
    "name": "Programming",
    "slug": "programming"
  }
},
{
  "model": "taggit.tag",
  "pk": 6,
  "fields": {
    "name": "Django",
    "slug": "django_1"
  }
},
{
  "model": "taggit.tag",
  "pk": 7,
  "fields": {
    "name": "markdown",
    "slug": "markdown"
  }
},
{
  "model": "taggit.taggeditem",
  "pk": 1,
  "fields": {
    "tag": 1,
    "content_type": 7,
    "object_id": 2
  }
},
{
  "model": "taggit.taggeditem",
  "pk": 2,
  "fields": {
    "tag": 2,
    "content_type": 7,
    "object_id": 2
  }
},
{
  "model": "taggit.taggeditem",
  "pk": 4,
  "fields": {
    "tag": 3,
    "content_type": 7,
    "object_id": 4
  }
},
{
  "model": "taggit.taggeditem",
  "pk": 5,
  "fields": {
    "tag": 4,
    "content_type": 7,
    "object_id": 4
  }
},
{
  "model": "taggit.taggeditem",
  "pk": 6,
  "fields": {
    "tag": 5,
    "content_type": 7,
    "object_id": 4
  }
},
{
  "model": "taggit.taggeditem",
  "pk": 7,
  "fields": {
    "tag": 6,
    "content_type": 7,
    "object_id": 4
  }
},
{
  "model": "taggit.taggeditem",
  "pk": 8,
  "fields": {
    "tag": 3,
    "content_type": 7,
    "object_id": 5
  }
},
{
  "model": "taggit.taggeditem",
  "pk": 9,
  "fields": {
    "tag": 2,
    "content_type": 7,
    "object_id": 6
  }
},
{
  "model": "taggit.taggeditem",
  "pk": 10,
  "fields": {
    "tag": 3,
    "content_type": 7,
    "object_id": 6
  }
},
{
  "model": "taggit.taggeditem",
  "pk": 11,
  "fields": {
    "tag": 6,
    "content_type": 7,
    "object_id": 6
  }
},
{
  "model": "taggit.taggeditem",
  "pk": 12,
  "fields": {
    "tag": 7,
    "content_type": 7,
    "object_id": 6
  }
},
{
  "model": "taggit.taggeditem",
  "pk": 13,
  "fields": {
    "tag": 3,
    "content_type": 8,
    "object_id": 2
  }
},
{
  "model": "taggit.taggeditem",
  "pk": 14,
  "fields": {
    "tag": 4,
    "content_type": 8,
    "object_id": 2
  }
},
{
  "model": "taggit.taggeditem",
  "pk": 15,
  "fields": {
    "tag": 5,
    "content_type": 8,
    "object_id": 2
  }
},
{
  "model": "taggit.taggeditem",
  "pk": 16,
  "fields": {
    "tag": 6,
    "content_type": 8,
    "object_id": 2
  }
},
{
  "model": "taggit.taggeditem",
  "pk": 17,
  "fields": {
    "tag": 3,
    "content_type": 8,
    "object_id": 5
  }
},
{
  "model": "taggit.taggeditem",
  "pk": 18,
  "fields": {
    "tag": 2,
    "content_type": 8,
    "object_id": 6
  }
},
{
  "model": "taggit.taggeditem",
  "pk": 19,
  "fields": {
    "tag": 3,
    "content_type": 8,
    "object_id": 6
  }
},
{
  "model": "taggit.taggeditem",
  "pk": 20,
  "fields": {
    "tag": 6,
    "content_type": 8,
    "object_id": 6
  }
},
{
  "model": "taggit.taggeditem",
  "pk": 21,
  "fields": {
    "tag": 7,
    "content_type": 8,
    "object_id": 6
  }
}
]
